<?xml version="1.0" encoding="UTF-8"?>
<!DOCTYPE mapper PUBLIC "-//mybatis.org//DTD Mapper 3.0//EN" "https://mybatis.org/dtd/mybatis-3-mapper.dtd">
<mapper namespace="com.penefit.moons.mapper.QnaChaengMapper">

<insert id="regQna">
insert into qna (member_id, qna_title, qna_content, qna_status, qna_regdate) 
values(#{member_id}, #{qna_title}, #{qna_content},'답변대기', now())
</insert>
	
	
	<select id="getQnaList" resultType="com.penefit.moons.domain.QnAVO">
		select * from qna where member_id=#{member_id}
	</select>
	
	<select id="qnaOneList" resultType="com.penefit.moons.domain.QnAVO">
		select * from qna where qna_num = #{qna_num} and member_id = #{member_id}
	</select>
	
	<select id="getQnaReply" resultType="string">
	SELECT reply_content FROM reply WHERE qna_num=#{qna_num} and reply_type ='Q'
</select>
</mapper>
