<?xml version="1.0" encoding="UTF-8"?>
<!DOCTYPE mapper PUBLIC "-//mybatis.org//DTD Mapper 3.0//EN" "https://mybatis.org/dtd/mybatis-3-mapper.dtd">
<mapper  namespace="com.penefit.moons.mapper.MapperAboutBoard">

<select id="getNoticeList" resultType="com.penefit.moons.domain.NoticeVO">				
	SELECT * FROM notice
</select>

<!-- 공지사항 상세 -->
<select id="noticeSelectOne" resultType="com.penefit.moons.domain.NoticeVO">
	SELECT * FROM notice WHERE notice_num=#{notice_num}
</select>

<!-- 공지사항 조회수증가 -->
<update id="noticeViewCnt">
	UPDATE notice SET notice_viewcnt = notice_viewcnt + 1 WHERE notice_num=#{notice_num}
</update>

<!-- 공지사항 수정 -->
<update id="modiNotice">
	UPDATE notice SET notice_title=#{notice_title}, notice_content=#{notice_content},notice_modidate=now() WHERE notice_num=#{notice_num}
</update>
<!-- 공지사항 삭제 -->
<delete id="delNotice">
	DELETE FROM notice WHERE notice_num=#{notice_num}
</delete>

<!-- 지역 전체 게시판 -->
<select id="getCityList" resultType="com.penefit.moons.domain.BoardVO">
	SELECT b.*, c.* FROM board b, city c WHERE board_type= 'cc'AND c.city_code = b.city_code	
</select>

<!-- 각 지역별 게시판 -->
<select id="getOneCityList" resultType="com.penefit.moons.domain.BoardVO">
	
	SELECT b.*, c.* FROM board b, city c WHERE board_type= 'cc'AND c.city_code = #{city_code}
</select>

<!-- 지역상세 게시판 -->
<select id="citySelectOne" resultType="com.penefit.moons.domain.BoardVO">
	SELECT * FROM board WHERE board_num=#{board_num}
</select>


<!-- 페이지  -->
<!-- <select id="getPaging" resultType="int"> -->
<!-- 	SELECT * FROM board LIMIT (0,10)  -->
<!-- </select> -->


<update id="cityViewCnt">
	UPDATE board SET board_viewcnt = board_viewcnt + 1 WHERE board_num=#{board_num}
</update>

<insert id="cityReg">
	INSERT INTO board (board_title, board_content, member_id, board_regdate, board_viewcnt, board_type, city_code) VALUES (#{board_title}, #{board_content}, #{member_id}, now(), 0, 'CC', #{city_code})
</insert>

<!-- 지역게시판 수정 -->
<update id="modiCity">
	UPDATE board SET board_title=#{board_title}, board_content=#{board_content},board_modidate=now() WHERE board_num=#{board_num}
</update>
<!-- 지역게시판 삭제 -->
<delete id="delCity">
	DELETE FROM board WHERE board_num=#{board_num}
</delete>

<!-- 지역게시판 검색 -->
<select id="search_city" resultType="com.penefit.moons.domain.BoardVO">
	SELECT * FROM board WHERE board_title LIKE CONCAT('%', #{keyword}, '%') OR member_id like CONCAT('%', #{keyword},'%') AND city_code=#{city_code}
	<!-- SELECT b.*, c.* FROM board b, city c WHERE board_title LIKE CONCAT('%', #{keyword}, '%') OR member_id like CONCAT('%', #{keyword},'%') AND c.city_code=#{city_code} -->
</select>

<!-- 댓글 -->
<insert id="reg_cityReply">
	INSERT INTO reply(board_num, reply_content, reply_regdate, member_id, reply_type) VALUES (#{board_num}, #{reply_content},now(),#{member_id}, 'C')
</insert>

<select id="get_CityReplyList" resultType="com.penefit.moons.domain.ReplyVO">
	SELECT * FROM reply WHERE board_num=#{board_num} and reply_type ='C'
</select>

<delete id="del_CityReply">
	DELETE FROM reply WHERE reply_num=#{reply_num}
</delete>

<!-- FAQ 게시판 -->

<select id="getFaQList" resultType="com.penefit.moons.domain.BoardVO">
	SELECT * FROM board WHERE board_type= 'FF'  
</select>



</mapper>